{"cameraMode":{"drawMode":0,"name":"Shaded","section":"Shading Mode"},"sceneLighting":true,"audioPlay":false,"sceneViewState":{"m_AlwaysRefresh":false,"showFog":true,"showSkybox":true,"showFlares":true,"showImageEffects":true,"showParticleSystems":true,"showVisualEffectGraphs":true,"m_FxEnabled":false},"in2DMode":false,"pivot":{"x":-0.34119105339050295,"y":38.356380462646487,"z":45.44990921020508},"rotation":{"x":0.12065634876489639,"y":0.6958187222480774,"z":-0.12043707072734833,"w":0.6977423429489136},"size":2.085941791534424,"orthographic":false}