{"cameraMode":{"drawMode":0,"name":"Shaded","section":"Shading Mode"},"sceneLighting":false,"audioPlay":false,"sceneViewState":{"m_AlwaysRefresh":false,"showFog":true,"showSkybox":false,"showFlares":true,"showImageEffects":true,"showParticleSystems":true,"showVisualEffectGraphs":true,"m_FxEnabled":false},"in2DMode":false,"pivot":{"x":7.409999847412109,"y":2.3299999237060549,"z":-4.0498223304748539},"rotation":{"x":0.010036442428827286,"y":0.9882568120956421,"z":-0.1330331414937973,"w":0.07455740869045258},"size":0.8660253882408142,"orthographic":false}