{"cameraMode":{"drawMode":0,"name":"Shaded","section":"Shading Mode"},"sceneLighting":false,"audioPlay":false,"sceneViewState":{"m_AlwaysRefresh":false,"showFog":true,"showSkybox":false,"showFlares":true,"showImageEffects":true,"showParticleSystems":true,"showVisualEffectGraphs":true,"m_FxEnabled":false},"in2DMode":false,"pivot":{"x":-0.14555001258850099,"y":2.1416385173797609,"z":0.018367528915405275},"rotation":{"x":-0.24196140468120576,"y":-0.2587391138076782,"z":0.06710684299468994,"w":-0.9327484369277954},"size":2.36602520942688,"orthographic":false}