{"cameraMode":{"drawMode":0,"name":"Shaded","section":"Shading Mode"},"sceneLighting":false,"audioPlay":false,"sceneViewState":{"m_AlwaysRefresh":false,"showFog":true,"showSkybox":false,"showFlares":true,"showImageEffects":true,"showParticleSystems":true,"showVisualEffectGraphs":true,"m_FxEnabled":false},"in2DMode":false,"pivot":{"x":0.15728986263275147,"y":2.655580759048462,"z":-0.14201200008392335},"rotation":{"x":0.00392084801569581,"y":-0.35001498460769656,"z":-0.0014794912422075868,"w":-0.93674236536026},"size":1.1660254001617432,"orthographic":false}